Label,Issue_key,Issue_id
sprint_DoD,MSS-92,89894
sprint_DoD,MSS-93,89895
sprint_DoD,MSS-94,89896
sprint_DoD,MSS-95,89897
sprint_DoD,MSS-128,90128
sprint_DoD,MSS-138,90142
sprint_DoD,MSS-145,90157
sprint_DoD,MSS-150,90182
sprint_DoD,MSS-198,90615
sprint_DoD,MSS-214,90978
sprint_DoD,MSS-57,89859
sprint_DoD,MSS-65,89867
sprint_DoD,MSS-74,89876
sprint_DoD,MSS-75,89877
sprint_DoD,MSS-77,89879
sprint_next,MSS-136,90140
sprint_next,MSS-154,90219
sprint_next,MSS-157,90292
sprint_next,MSS-175,90461
sprint_next,MSS-180,90497
sprint_next,MSS-210,90974
sprint_next,MSS-211,90975
sprint_next,MSS-212,90976
sprint_next,MSS-213,90977
sprint_next,MSS-215,90979
sprint_next,MSS-217,90981
sprint_next,MSS-218,90982
sprint_next,MSS-219,90983
sprint_next,MSS-220,90985
sprint_next,MSS-221,90986
sprint_next,MSS-228,90998
sprint_next,MSS-238,91008
sprint_next,MSS-241,91011
sprint_next,MSS-245,91044
sprint_next,MSS-266,91230
sprint_next,MSS-267,91231
sprint_next,MSS-270,91356
sprint_next,MSS-271,91372
sprint_next,MSS-272,91373
sprint_next,MSS-275,91378
sprint_next,MSS-277,91415
sprint_next,MSS-280,91448
sprint_next,MSS-62,89864
sprint_next,MSS-67,89869
sprint_next,MSS-69,89871
sprint_next,MSS-224,90991
sprint_stage,MSS-104,89972
sprint_stage,MSS-105,89979
sprint_stage,MSS-135,90138
sprint_stage,MSS-139,90143
sprint_stage,MSS-147,90161
sprint_stage,MSS-151,90203
sprint_stage,MSS-168,90440
sprint_stage,MSS-178,90468
sprint_stage,MSS-182,90537
sprint_stage,MSS-183,90539
sprint_stage,MSS-193,90562
sprint_stage,MSS-194,90563
sprint_stage,MSS-195,90564
sprint_stage,MSS-197,90566
sprint_stage,MSS-199,90647
sprint_stage,MSS-200,90648
sprint_stage,MSS-216,90980
sprint_stage,MSS-230,91000
sprint_stage,MSS-234,91004
sprint_stage,MSS-73,89875
sprint_stage,MSS-80,89882
sprint_stage,MSS-81,89883
sprint_stage,MSS-85,89887
sprint_stage,MSS-90,89892
sprint_stage,MSS-91,89893
